create database CoffeeShop ;
USE coffeeShop;

-- Create Customer Table
CREATE TABLE `customer` (
    `customer_id` VARCHAR(10) NOT NULL,
    `name` VARCHAR(100) NOT NULL,
    `city` VARCHAR(65) NOT NULL,
    `email` VARCHAR(45) NOT NULL,
    `phone_no` VARCHAR(15) NOT NULL,
    `address` VARCHAR(100) NOT NULL,
    `pin_code` INT NOT NULL,
    PRIMARY KEY (`customer_id`)
);

-- Create Product Table
CREATE TABLE `product` (
    `product_id` VARCHAR(10) NOT NULL,
    `product_name` VARCHAR(100) NOT NULL,
    `category` VARCHAR(65) NOT NULL,
    `sub_category` VARCHAR(45) NOT NULL,
    `original_price` DOUBLE NOT NULL,
    `selling_price` DOUBLE NOT NULL,
    `stock` INT NOT NULL,
    PRIMARY KEY (`product_id`)
);

-- Create Order Details Table
CREATE TABLE `order_details` (
    `order_id` INT NOT NULL AUTO_INCREMENT,
    `customer_id` VARCHAR(10) NOT NULL,
    `product_id` VARCHAR(10) NOT NULL,
    `quantity` DOUBLE NOT NULL,
    `total_price` DOUBLE NOT NULL,
    `payment_mode` VARCHAR(60) NOT NULL,
    `order_date` DATETIME DEFAULT NULL,
    `order_status` VARCHAR(20) NOT NULL,
    PRIMARY KEY (`order_id`),
    KEY `customer_id` (`customer_id`),
    KEY `product_id` (`product_id`),
    CONSTRAINT `order_details_ibfk_1` FOREIGN KEY (`customer_id`) REFERENCES `customer` (`customer_id`),
    CONSTRAINT `order_details_ibfk_2` FOREIGN KEY (`product_id`) REFERENCES `product` (`product_id`)
);

-- Create Employee Table
CREATE TABLE `employee` (
    `employee_id` VARCHAR(10) NOT NULL,
    `name` VARCHAR(100) NOT NULL,
    `position` VARCHAR(50) NOT NULL,
    `salary` DOUBLE NOT NULL,
    `date_hired` DATE NOT NULL,
    PRIMARY KEY (`employee_id`)
);

-- Create Supplier Table
CREATE TABLE `supplier` (
    `supplier_id` VARCHAR(10) NOT NULL,
    `name` VARCHAR(100) NOT NULL,
    `contact_person` VARCHAR(100) NOT NULL,
    `phone_no` VARCHAR(15) NOT NULL,
    `address` VARCHAR(100) NOT NULL,
    PRIMARY KEY (`supplier_id`)
);

INSERT INTO `customer` (`customer_id`, `name`, `city`, `email`, `phone_no`, `address`, `pin_code`) VALUES
('C001', 'Alice Johnson', 'New York', 'alice.johnson@example.com', '123-456-7890', '123 Elm Street', 10001),
('C002', 'Bob Smith', 'Los Angeles', 'bob.smith@example.com', '234-567-8901', '456 Maple Avenue', 90001),
('C003', 'Charlie Brown', 'Chicago', 'charlie.brown@example.com', '345-678-9012', '789 Oak Boulevard', 60601),
('C004', 'Diana Prince', 'Houston', 'diana.prince@example.com', '456-789-0123', '101 Pine Drive', 77001),
('C005', 'Evan Davis', 'Phoenix', 'evan.davis@example.com', '567-890-1234', '202 Birch Lane', 85001),
('C006', 'Frank Green', 'San Diego', 'frank.green@example.com', '678-901-2345', '345 Cedar Street', 92101),
('C007', 'Grace Lee', 'Dallas', 'grace.lee@example.com', '789-012-3456', '678 Pine Avenue', 75201),
('C008', 'Hannah White', 'San Jose', 'hannah.white@example.com', '890-123-4567', '910 Birch Boulevard', 95101),
('C009', 'Ivy Walker', 'Austin', 'ivy.walker@example.com', '901-234-5678', '112 Maple Drive', 73301),
('C010', 'Jack King', 'Jacksonville', 'jack.king@example.com', '012-345-6789', '123 Pine Road', 32099),
('C011', 'Karen Young', 'San Francisco', 'karen.young@example.com', '123-456-7891', '234 Elm Street', 94101),
('C012', 'Larry Hill', 'Columbus', 'larry.hill@example.com', '234-567-8902', '345 Cedar Avenue', 43201),
('C013', 'Mia Adams', 'Fort Worth', 'mia.adams@example.com', '345-678-9013', '456 Birch Boulevard', 76101),
('C014', 'Noah Scott', 'Charlotte', 'noah.scott@example.com', '456-789-0124', '567 Maple Drive', 28201),
('C015', 'Olivia Baker', 'Detroit', 'olivia.baker@example.com', '567-890-1235', '678 Pine Road', 48201),
('C016', 'Paul Carter', 'El Paso', 'paul.carter@example.com', '678-901-2346', '789 Elm Street', 79901),
('C017', 'Quinn Mitchell', 'Memphis', 'quinn.mitchell@example.com', '789-012-3457', '890 Cedar Avenue', 38101),
('C018', 'Rachel Turner', 'Seattle', 'rachel.turner@example.com', '890-123-4568', '901 Birch Boulevard', 98101),
('C019', 'Sam Roberts', 'Denver', 'sam.roberts@example.com', '901-234-5679', '123 Maple Drive', 80201),
('C020', 'Tina Phillips', 'Washington', 'tina.phillips@example.com', '012-345-6781', '234 Pine Road', 20001),
('C021', 'Uma Bennett', 'Boston', 'uma.bennett@example.com', '123-456-7892', '345 Elm Street', 02101),
('C022', 'Victor Evans', 'Nashville', 'victor.evans@example.com', '234-567-8903', '456 Cedar Avenue', 37201),
('C023', 'Wendy Torres', 'Baltimore', 'wendy.torres@example.com', '345-678-9014', '567 Birch Boulevard', 21201),
('C024', 'Xander Hughes', 'Louisville', 'xander.hughes@example.com', '456-789-0125', '678 Maple Drive', 40201),
('C025', 'Yara Foster', 'Milwaukee', 'yara.foster@example.com', '567-890-1236', '789 Pine Road', 53201),
('C026', 'Zachary Ramirez', 'Portland', 'zachary.ramirez@example.com', '678-901-2347', '890 Elm Street', 97201),
('C027', 'Ava Kim', 'Las Vegas', 'ava.kim@example.com', '789-012-3458', '901 Cedar Avenue', 89101),
('C028', 'Blake Reed', 'Oklahoma City', 'blake.reed@example.com', '890-123-4569', '123 Birch Boulevard', 73101),
('C029', 'Chloe Perez', 'Albuquerque', 'chloe.perez@example.com', '901-234-5671', '234 Maple Drive', 87101),
('C030', 'David Gray', 'Tucson', 'david.gray@example.com', '012-345-6782', '345 Pine Road', 85701),
('C031', 'Ella Morris', 'Fresno', 'ella.morris@example.com', '123-456-7893', '456 Elm Street', 93701),
('C032', 'Finn Howard', 'Sacramento', 'finn.howard@example.com', '234-567-8904', '567 Cedar Avenue', 94203),
('C033', 'Grace Bell', 'Kansas City', 'grace.bell@example.com', '345-678-9015', '678 Birch Boulevard', 64101),
('C034', 'Henry Cox', 'Mesa', 'henry.cox@example.com', '456-789-0126', '789 Maple Drive', 85201),
('C035', 'Isla Ward', 'Atlanta', 'isla.ward@example.com', '567-890-1237', '890 Pine Road', 30301),
('C036', 'Jake Nelson', 'Omaha', 'jake.nelson@example.com', '678-901-2348', '901 Elm Street', 68101),
('C037', 'Kara Cole', 'Colorado Springs', 'kara.cole@example.com', '789-012-3459', '123 Cedar Avenue', 80901),
('C038', 'Liam Watson', 'Raleigh', 'liam.watson@example.com', '890-123-4570', '234 Birch Boulevard', 27601),
('C039', 'Maya Rivera', 'Miami', 'maya.rivera@example.com', '901-234-5672', '345 Maple Drive', 33101),
('C040', 'Nina Cooper', 'Virginia Beach', 'nina.cooper@example.com', '012-345-6783', '456 Pine Road', 23450),
('C041', 'Oscar Patterson', 'Oakland', 'oscar.patterson@example.com', '123-456-7894', '567 Elm Street', 94601),
('C042', 'Paula Sanchez', 'Minneapolis', 'paula.sanchez@example.com', '234-567-8905', '678 Cedar Avenue', 55401),
('C043', 'Quincy Brooks', 'Tulsa', 'quincy.brooks@example.com', '345-678-9016', '789 Birch Boulevard', 74101),
('C044', 'Rita Hughes', 'Arlington', 'rita.hughes@example.com', '456-789-0127', '890 Maple Drive', 76001),
('C045', 'Steve Diaz', 'New Orleans', 'steve.diaz@example.com', '567-890-1238', '901 Pine Road', 70112),
('C046', 'Tara Russell', 'Wichita', 'tara.russell@example.com', '678-901-2349', '123 Elm Street', 67201),
('C047', 'Ulysses Myers', 'Cleveland', 'ulysses.myers@example.com', '789-012-3460', '234 Cedar Avenue', 44101),
('C048', 'Vera Ford', 'Bakersfield', 'vera.ford@example.com', '890-123-4571', '345 Birch Boulevard', 93301),
('C049', 'Wade James', 'Tampa', 'wade.james@example.com', '901-234-5673', '456 Maple Drive', 33601),
('C050', 'Xena Morgan', 'Aurora', 'xena.morgan@example.com', '012-345-6784', '567 Pine Road', 80010),
('C051', 'Yvonne Reed', 'Honolulu', 'yvonne.reed@example.com', '123-456-7895', '678 Elm Street', 96801),
('C052', 'Zane Scott', 'Anaheim', 'zane.scott@example.com', '234-567-8906', '789 Cedar Avenue', 92801),
('C053', 'Alex Young', 'Santa Ana', 'alex.young@example.com', '345-678-9017', '890 Birch Boulevard', 92701),
('C054', 'Bella Hall', 'St. Louis', 'bella.hall@example.com', '456-789-0128', '901 Maple Drive', 63101),
('C055', 'Caleb King', 'Riverside', 'caleb.king@example.com', '567-890-1239', '123 Pine Road', 92501),
('C056', 'Dora Lee', 'Corpus Christi', 'dora.lee@example.com', '678-901-2350', '234 Elm Street', 78401),
('C057', 'Eli Turner', 'Lexington', 'eli.turner@example.com', '789-012-3461', '345 Cedar Avenue', 40502),
('C058', 'Fiona Carter', 'Stockton', 'fiona.carter@example.com', '890-123-4572', '456 Birch Boulevard', 95201),
('C059', 'George Mitchell', 'Henderson', 'george.mitchell@example.com', '901-234-5674', '567 Maple Drive', 89009),
('C060', 'Hazel Rivera', 'Saint Paul', 'hazel.rivera@example.com', '012-345-6785', '678 Pine Road', 55101),
('C061', 'Ian Brooks', 'Cincinnati', 'ian.brooks@example.com', '123-456-7896', '789 Elm Street', 45201),
('C062', 'Julia Price', 'Greensboro', 'julia.price@example.com', '234-567-8907', '890 Cedar Avenue', 27401),
('C063', 'Kevin Bennett', 'Plano', 'kevin.bennett@example.com', '345-678-9018', '901 Birch Boulevard', 75023),
('C064', 'Luna Parker', 'Newark', 'luna.parker@example.com', '456-789-0129', '123 Maple Drive', 07101),
('C065', 'Mason Perez', 'Lincoln', 'mason.perez@example.com', '567-890-1240', '234 Pine Road', 68501),
('C066', 'Nora Hill', 'Orlando', 'nora.hill@example.com', '678-901-2351', '345 Elm Street', 32801),
('C067', 'Oscar Collins', 'Irvine', 'oscar.collins@example.com', '789-012-3462', '456 Cedar Avenue', 92602),
('C068', 'Piper White', 'Toledo', 'piper.white@example.com', '890-123-4573', '567 Birch Boulevard', 43601),
('C069', 'Quentin Howard', 'Laredo', 'quentin.howard@example.com', '901-234-5675', '678 Maple Drive', 78040),
('C070', 'Riley Morris', 'Madison', 'riley.morris@example.com', '012-345-6786', '789 Pine Road', 53701),
('C071', 'Sophia Green', 'Durham', 'sophia.green@example.com', '123-456-7897', '890 Elm Street', 27701),
('C072', 'Tristan Watson', 'Lubbock', 'tristan.watson@example.com', '234-567-8908', '901 Cedar Avenue', 79401),
('C073', 'Una Lee', 'Winston-Salem', 'una.lee@example.com', '345-678-9019', '123 Birch Boulevard', 27101),
('C074', 'Vince Evans', 'Garland', 'vince.evans@example.com', '456-789-0130', '234 Maple Drive', 75040),
('C075', 'Willow Baker', 'Glendale', 'willow.baker@example.com', '567-890-1241', '345 Pine Road', 85301),
('C076', 'Xander Carter', 'Hialeah', 'xander.carter@example.com', '678-901-2352', '456 Elm Street', 33002),
('C077', 'Yasmin Phillips', 'Reno', 'yasmin.phillips@example.com', '789-012-3463', '567 Cedar Avenue', 89501),
('C078', 'Zoe Hughes', 'Irvine', 'zoe.hughes@example.com', '890-123-4574', '678 Birch Boulevard', 92602),
('C079', 'Aaron Adams', 'Chandler', 'aaron.adams@example.com', '901-234-5676', '789 Maple Drive', 85224),
('C080', 'Bianca Scott', 'Scottsdale', 'bianca.scott@example.com', '012-345-6787', '890 Pine Road', 85250),
('C081', 'Colin Ward', 'Buffalo', 'colin.ward@example.com', '123-456-7898', '901 Elm Street', 14201),
('C082', 'Daisy Torres', 'Gilbert', 'daisy.torres@example.com', '234-567-8909', '123 Cedar Avenue', 85233),
('C083', 'Ethan Watson', 'Baton Rouge', 'ethan.watson@example.com', '345-678-9020', '234 Birch Boulevard', 70801),
('C084', 'Felicity Hughes', 'San Bernardino', 'felicity.hughes@example.com', '456-789-0131', '345 Maple Drive', 92401),
('C085', 'Gavin Brooks', 'Spokane', 'gavin.brooks@example.com', '567-890-1242', '456 Pine Road', 99201),
('C086', 'Hazel Martinez', 'Montgomery', 'hazel.martinez@example.com', '678-901-2353', '567 Elm Street', 36101),
('C087', 'Ian Brown', 'Fremont', 'ian.brown@example.com', '789-012-3464', '678 Cedar Avenue', 94536),
('C088', 'Jenna White', 'Modesto', 'jenna.white@example.com', '890-123-4575', '789 Birch Boulevard', 95350),
('C089', 'Kyle Young', 'Tacoma', 'kyle.young@example.com', '901-234-5677', '890 Maple Drive', 98401),
('C090', 'Lily Green', 'Des Moines', 'lily.green@example.com', '012-345-6788', '901 Pine Road', 50301),
('C091', 'Mason Lee', 'Rochester', 'mason.lee@example.com', '123-456-7899', '123 Elm Street', 14602),
('C092', 'Nina Harris', 'Shreveport', 'nina.harris@example.com', '234-567-8910', '234 Cedar Avenue', 71101),
('C093', 'Owen Carter', 'Akron', 'owen.carter@example.com', '345-678-9021', '345 Birch Boulevard', 44301),
('C094', 'Paige Evans', 'Little Rock', 'paige.evans@example.com', '456-789-0132', '456 Maple Drive', 72201),
('C095', 'Quinn Mitchell', 'Amarillo', 'quinn.mitchell@example.com', '567-890-1243', '567 Pine Road', 79101),
('C096', 'Rose Parker', 'Columbus', 'rose.parker@example.com', '678-901-2354', '678 Elm Street', 43201),
('C097', 'Sean Phillips', 'Salt Lake City', 'sean.phillips@example.com', '789-012-3465', '789 Cedar Avenue', 84101),
('C098', 'Tara Lewis', 'Tallahassee', 'tara.lewis@example.com', '890-123-4576', '890 Birch Boulevard', 32301),
('C099', 'Uma White', 'Huntsville', 'uma.white@example.com', '901-234-5678', '901 Maple Drive', 35801),
('C100', 'Victor Allen', 'Grand Rapids', 'victor.allen@example.com', '012-345-6789', '123 Pine Road', 49501);

INSERT INTO `product` (`product_id`, `product_name`, `category`, `sub_category`, `original_price`, `selling_price`, `stock`) VALUES
('P001', 'Espresso', 'Beverages', 'Coffee', 2.00, 3.00, 50),
('P002', 'Latte', 'Beverages', 'Coffee', 2.50, 4.00, 30),
('P003', 'Cappuccino', 'Beverages', 'Coffee', 2.50, 4.00, 20),
('P004', 'Mocha', 'Beverages', 'Coffee', 3.00, 4.50, 25),
('P005', 'Green Tea', 'Beverages', 'Tea', 1.50, 2.50, 40),
('P006', 'Black Tea', 'Beverages', 'Tea', 1.50, 2.50, 50),
('P007', 'Herbal Tea', 'Beverages', 'Tea', 2.00, 3.00, 30),
('P008', 'Chai Latte', 'Beverages', 'Tea', 2.50, 4.00, 25),
('P009', 'Hot Chocolate', 'Beverages', 'Non-Coffee', 2.00, 3.50, 20),
('P010', 'Iced Coffee', 'Beverages', 'Coffee', 2.00, 3.50, 15),
('P011', 'Iced Latte', 'Beverages', 'Coffee', 2.50, 4.00, 18),
('P012', 'Iced Mocha', 'Beverages', 'Coffee', 3.00, 4.50, 22),
('P013', 'Iced Green Tea', 'Beverages', 'Tea', 1.50, 2.50, 25),
('P014', 'Iced Black Tea', 'Beverages', 'Tea', 1.50, 2.50, 20),
('P015', 'Iced Herbal Tea', 'Beverages', 'Tea', 2.00, 3.00, 30),
('P016', 'Muffin', 'Food', 'Bakery', 1.00, 2.00, 50),
('P017', 'Croissant', 'Food', 'Bakery', 1.50, 2.50, 40),
('P018', 'Bagel', 'Food', 'Bakery', 1.00, 2.00, 60),
('P019', 'Scone', 'Food', 'Bakery', 1.50, 2.50, 30),
('P020', 'Cinnamon Roll', 'Food', 'Bakery', 1.50, 2.50, 20),
('P021', 'Fruit Salad', 'Food', 'Salads', 2.00, 3.00, 25),
('P022', 'Caesar Salad', 'Food', 'Salads', 2.50, 4.00, 30),
('P023', 'Greek Salad', 'Food', 'Salads', 2.50, 4.00, 25),
('P024', 'Chicken Sandwich', 'Food', 'Sandwiches', 3.00, 5.00, 20),
('P025', 'Turkey Sandwich', 'Food', 'Sandwiches', 3.00, 5.00, 25),
('P026', 'Ham Sandwich', 'Food', 'Sandwiches', 2.50, 4.50, 30),
('P027', 'BLT Sandwich', 'Food', 'Sandwiches', 3.00, 5.00, 15),
('P028', 'Veggie Sandwich', 'Food', 'Sandwiches', 2.50, 4.50, 20),
('P029', 'Avocado Toast', 'Food', 'Breakfast', 2.50, 4.00, 25),
('P030', 'Oatmeal', 'Food', 'Breakfast', 2.00, 3.50, 30),
('P031', 'Granola', 'Food', 'Breakfast', 2.00, 3.50, 20),
('P032', 'Fruit Parfait', 'Food', 'Breakfast', 2.50, 4.00, 15),
('P033', 'Yogurt', 'Food', 'Breakfast', 1.50, 2.50, 25),
('P034', 'Smoothie', 'Beverages', 'Non-Coffee', 2.50, 4.00, 20),
('P035', 'Milkshake', 'Beverages', 'Non-Coffee', 2.50, 4.00, 15),
('P036', 'Lemonade', 'Beverages', 'Non-Coffee', 1.50, 2.50, 25),
('P037', 'Orange Juice', 'Beverages', 'Non-Coffee', 2.00, 3.00, 20),
('P038', 'Apple Juice', 'Beverages', 'Non-Coffee', 2.00, 3.00, 25),
('P039', 'Hot Dog', 'Food', 'Snacks', 1.50, 2.50, 30),
('P040', 'Pretzel', 'Food', 'Snacks', 1.00, 2.00, 25),
('P041', 'Nachos', 'Food', 'Snacks', 2.00, 3.00, 20),
('P042', 'Popcorn', 'Food', 'Snacks', 1.00, 2.00, 30),
('P043', 'Chips', 'Food', 'Snacks', 1.00, 2.00, 25),
('P044', 'Cookie', 'Food', 'Bakery', 1.00, 2.00, 40),
('P045', 'Brownie', 'Food', 'Bakery', 1.50, 2.50, 30),
('P046', 'Donut', 'Food', 'Bakery', 1.00, 2.00, 35),
('P047', 'Cupcake', 'Food', 'Bakery', 1.50, 2.50, 20),
('P048', 'Pie', 'Food', 'Bakery', 2.00, 3.00, 25),
('P049', 'Quiche', 'Food', 'Breakfast', 2.50, 4.00, 20),
('P050', 'Frittata', 'Food', 'Breakfast', 2.50, 4.00, 15),
('P051', 'Biscuit', 'Food', 'Bakery', 1.00, 2.00, 40),
('P052', 'Pancakes', 'Food', 'Breakfast', 2.00, 3.50, 25),
('P053', 'Waffles', 'Food', 'Breakfast', 2.00, 3.50, 30),
('P054', 'French Toast', 'Food', 'Breakfast', 2.50, 4.00, 20),
('P055', 'Bagel with Cream Cheese', 'Food', 'Bakery', 1.50, 2.50, 25),
('P056', 'Scrambled Eggs', 'Food', 'Breakfast', 1.50, 2.50, 20),
('P057', 'Omelette', 'Food', 'Breakfast', 2.50, 4.00, 30),
('P058', 'Breakfast Burrito', 'Food', 'Breakfast', 2.50, 4.00, 20),
('P059', 'Bacon', 'Food', 'Breakfast', 1.00, 2.00, 25),
('P060', 'Sausage', 'Food', 'Breakfast', 1.00, 2.00, 30),
('P061', 'Hash Browns', 'Food', 'Breakfast', 1.50, 2.50, 20),
('P062', 'Smoothie Bowl', 'Food', 'Breakfast', 3.00, 5.00, 15),
('P063', 'Açaí Bowl', 'Food', 'Breakfast', 3.50, 5.50, 10),
('P064', 'Toast', 'Food', 'Breakfast', 1.00, 2.00, 25),
('P065', 'Peanut Butter Toast', 'Food', 'Breakfast', 1.50, 2.50, 20),
('P066', 'Ham and Cheese Sandwich', 'Food', 'Sandwiches', 2.50, 4.00, 30),
('P067', 'Turkey and Cheese Sandwich', 'Food', 'Sandwiches', 2.50, 4.00, 25),
('P068', 'Tuna Sandwich', 'Food', 'Sandwiches', 2.50, 4.00, 20),
('P069', 'Chicken Wrap', 'Food', 'Sandwiches', 3.00, 5.00, 15),
('P070', 'Beef Wrap', 'Food', 'Sandwiches', 3.00, 5.00, 10),
('P071', 'Vegetarian Wrap', 'Food', 'Sandwiches', 2.50, 4.00, 20),
('P072', 'Chicken Caesar Wrap', 'Food', 'Sandwiches', 3.00, 5.00, 15),
('P073', 'BBQ Chicken Sandwich', 'Food', 'Sandwiches', 3.00, 5.00, 20),
('P074', 'Pulled Pork Sandwich', 'Food', 'Sandwiches', 3.00, 5.00, 25),
('P075', 'Veggie Burger', 'Food', 'Sandwiches', 3.00, 5.00, 15),
('P076', 'Cheeseburger', 'Food', 'Sandwiches', 3.00, 5.00, 20),
('P077', 'Chicken Burger', 'Food', 'Sandwiches', 3.00, 5.00, 15),
('P078', 'Double Cheeseburger', 'Food', 'Sandwiches', 3.50, 5.50, 10),
('P079', 'Grilled Cheese', 'Food', 'Sandwiches', 2.00, 3.50, 30),
('P080', 'BLT Wrap', 'Food', 'Sandwiches', 2.50, 4.00, 20),
('P081', 'Turkey Club', 'Food', 'Sandwiches', 3.00, 5.00, 15),
('P082', 'Buffalo Chicken Wrap', 'Food', 'Sandwiches', 3.00, 5.00, 10),
('P083', 'Pasta Salad', 'Food', 'Salads', 2.50, 4.00, 25),
('P084', 'Potato Salad', 'Food', 'Salads', 2.00, 3.50, 20),
('P085', 'Coleslaw', 'Food', 'Salads', 1.50, 2.50, 30),
('P086', 'Chicken Caesar Salad', 'Food', 'Salads', 3.00, 5.00, 20),
('P087', 'Greek Salad', 'Food', 'Salads', 2.50, 4.00, 15),
('P088', 'Cobb Salad', 'Food', 'Salads', 3.00, 5.00, 10),
('P089', 'Spinach Salad', 'Food', 'Salads', 2.50, 4.00, 25),
('P090', 'Kale Salad', 'Food', 'Salads', 2.50, 4.00, 20),
('P091', 'House Salad', 'Food', 'Salads', 2.00, 3.50, 15),
('P092', 'Steak Salad', 'Food', 'Salads', 3.50, 5.50, 10),
('P093', 'Asian Salad', 'Food', 'Salads', 2.50, 4.00, 20),
('P094', 'Bacon Salad', 'Food', 'Salads', 2.50, 4.00, 15),
('P095', 'Taco Salad', 'Food', 'Salads', 3.00, 5.00, 10),
('P096', 'Shrimp Salad', 'Food', 'Salads', 3.00, 5.00, 15),
('P097', 'Fruit Smoothie', 'Beverages', 'Non-Coffee', 3.00, 4.50, 20),
('P098', 'Berry Smoothie', 'Beverages', 'Non-Coffee', 3.00, 4.50, 25),
('P099', 'Green Smoothie', 'Beverages', 'Non-Coffee', 3.00, 4.50, 30),
('P100', 'Protein Smoothie', 'Beverages', 'Non-Coffee', 3.50, 5.00, 15);

INSERT INTO `order_details` (`order_id`, `customer_id`, `product_id`, `quantity`, `total_price`, `payment_mode`, `order_date`, `order_status`) VALUES
(1, 'C001', 'P001', 2, 6.00, 'Credit Card', '2023-05-01 10:30:00', 'Delivered'),
(2, 'C002', 'P002', 1, 4.00, 'Cash', '2023-05-02 11:00:00', 'Delivered'),
(3, 'C003', 'P003', 1, 4.00, 'Credit Card', '2023-05-03 09:30:00', 'Pending'),
(4, 'C004', 'P004', 1, 4.50, 'Cash', '2023-05-04 14:00:00', 'Delivered'),
(5, 'C005', 'P005', 3, 7.50, 'Credit Card', '2023-05-05 13:00:00', 'Delivered'),
(6, 'C001', 'P006', 2, 5.00, 'Credit Card', '2023-05-06 10:30:00', 'Delivered'),
(7, 'C002', 'P007', 1, 3.00, 'Cash', '2023-05-07 11:00:00', 'Delivered'),
(8, 'C003', 'P008', 1, 4.00, 'Credit Card', '2023-05-08 09:30:00', 'Pending'),
(9, 'C004', 'P009', 1, 3.50, 'Cash', '2023-05-09 14:00:00', 'Delivered'),
(10, 'C005', 'P010', 3, 10.50, 'Credit Card', '2023-05-10 13:00:00', 'Delivered'),
(11, 'C001', 'P011', 2, 8.00, 'Credit Card', '2023-05-11 10:30:00', 'Delivered'),
(12, 'C002', 'P012', 1, 4.50, 'Cash', '2023-05-12 11:00:00', 'Delivered'),
(13, 'C003', 'P013', 1, 2.50, 'Credit Card', '2023-05-13 09:30:00', 'Pending'),
(14, 'C004', 'P014', 1, 2.50, 'Cash', '2023-05-14 14:00:00', 'Delivered'),
(15, 'C005', 'P015', 3, 9.00, 'Credit Card', '2023-05-15 13:00:00', 'Delivered'),
(16, 'C001', 'P016', 2, 4.00, 'Credit Card', '2023-05-16 10:30:00', 'Delivered'),
(17, 'C002', 'P017', 1, 3.00, 'Cash', '2023-05-17 11:00:00', 'Delivered'),
(18, 'C003', 'P018', 1, 4.00, 'Credit Card', '2023-05-18 09:30:00', 'Pending'),
(19, 'C004', 'P019', 1, 2.50, 'Cash', '2023-05-19 14:00:00', 'Delivered'),
(20, 'C005', 'P020', 3, 7.50, 'Credit Card', '2023-05-20 13:00:00', 'Delivered'),
(21, 'C001', 'P021', 2, 6.00, 'Credit Card', '2023-05-21 10:30:00', 'Delivered'),
(22, 'C002', 'P022', 1, 4.00, 'Cash', '2023-05-22 11:00:00', 'Delivered'),
(23, 'C003', 'P023', 1, 4.00, 'Credit Card', '2023-05-23 09:30:00', 'Pending'),
(24, 'C004', 'P024', 1, 5.00, 'Cash', '2023-05-24 14:00:00', 'Delivered'),
(25, 'C005', 'P025', 3, 15.00, 'Credit Card', '2023-05-25 13:00:00', 'Delivered'),
(26, 'C001', 'P026', 2, 9.00, 'Credit Card', '2023-05-26 10:30:00', 'Delivered'),
(27, 'C002', 'P027', 1, 5.00, 'Cash', '2023-05-27 11:00:00', 'Delivered'),
(28, 'C003', 'P028', 1, 4.50, 'Credit Card', '2023-05-28 09:30:00', 'Pending'),
(29, 'C004', 'P029', 1, 4.00, 'Cash', '2023-05-29 14:00:00', 'Delivered'),
(30, 'C005', 'P030', 3, 10.50, 'Credit Card', '2023-05-30 13:00:00', 'Delivered'),
(31, 'C001', 'P031', 2, 7.00, 'Credit Card', '2023-05-31 10:30:00', 'Delivered'),
(32, 'C002', 'P032', 1, 5.00, 'Cash', '2023-06-01 11:00:00', 'Delivered'),
(33, 'C003', 'P033', 1, 4.00, 'Credit Card', '2023-06-02 09:30:00', 'Pending'),
(34, 'C004', 'P034', 1, 4.00, 'Cash', '2023-06-03 14:00:00', 'Delivered'),
(35, 'C005', 'P035', 3, 12.00, 'Credit Card', '2023-06-04 13:00:00', 'Delivered'),
(36, 'C001', 'P036', 2, 5.00, 'Credit Card', '2023-06-05 10:30:00', 'Delivered'),
(37, 'C002', 'P037', 1, 3.00, 'Cash', '2023-06-06 11:00:00', 'Delivered'),
(38, 'C003', 'P038', 1, 4.00, 'Credit Card', '2023-06-07 09:30:00', 'Pending'),
(39, 'C004', 'P039', 1, 3.00, 'Cash', '2023-06-08 14:00:00', 'Delivered'),
(40, 'C005', 'P040', 3, 6.00, 'Credit Card', '2023-06-09 13:00:00', 'Delivered'),
(41, 'C001', 'P041', 2, 6.00, 'Credit Card', '2023-06-10 10:30:00', 'Delivered'),
(42, 'C002', 'P042', 1, 3.00, 'Cash', '2023-06-11 11:00:00', 'Delivered'),
(43, 'C003', 'P043', 1, 4.00, 'Credit Card', '2023-06-12 09:30:00', 'Pending'),
(44, 'C004', 'P044', 1, 3.00, 'Cash', '2023-06-13 14:00:00', 'Delivered'),
(45, 'C005', 'P045', 3, 7.50, 'Credit Card', '2023-06-14 13:00:00', 'Delivered'),
(46, 'C001', 'P046', 2, 4.00, 'Credit Card', '2023-06-15 10:30:00', 'Delivered'),
(47, 'C002', 'P047', 1, 3.00, 'Cash', '2023-06-16 11:00:00', 'Delivered'),
(48, 'C003', 'P048', 1, 4.00, 'Credit Card', '2023-06-17 09:30:00', 'Pending'),
(49, 'C004', 'P049', 1, 3.50, 'Cash', '2023-06-18 14:00:00', 'Delivered'),
(50, 'C005', 'P050', 3, 10.50, 'Credit Card', '2023-06-19 13:00:00', 'Delivered'),
(51, 'C001', 'P051', 2, 6.00, 'Credit Card', '2023-06-20 10:30:00', 'Delivered'),
(52, 'C002', 'P052', 1, 4.00, 'Cash', '2023-06-21 11:00:00', 'Delivered'),
(53, 'C003', 'P053', 1, 4.00, 'Credit Card', '2023-06-22 09:30:00', 'Pending'),
(54, 'C004', 'P054', 1, 3.50, 'Cash', '2023-06-23 14:00:00', 'Delivered'),
(55, 'C005', 'P055', 3, 10.50, 'Credit Card', '2023-06-24 13:00:00', 'Delivered'),
(56, 'C001', 'P056', 2, 5.00, 'Credit Card', '2023-06-25 10:30:00', 'Delivered'),
(57, 'C002', 'P057', 1, 3.00, 'Cash', '2023-06-26 11:00:00', 'Delivered'),
(58, 'C003', 'P058', 1, 4.50, 'Credit Card', '2023-06-27 09:30:00', 'Pending'),
(59, 'C004', 'P059', 1, 4.00, 'Cash', '2023-06-28 14:00:00', 'Delivered'),
(60, 'C005', 'P060', 3, 9.00, 'Credit Card', '2023-06-29 13:00:00', 'Delivered'),
(61, 'C001', 'P061', 2, 5.00, 'Credit Card', '2023-06-30 10:30:00', 'Delivered'),
(62, 'C002', 'P062', 1, 3.00, 'Cash', '2023-07-01 11:00:00', 'Delivered'),
(63, 'C003', 'P063', 1, 4.00, 'Credit Card', '2023-07-02 09:30:00', 'Pending'),
(64, 'C004', 'P064', 1, 5.00, 'Cash', '2023-07-03 14:00:00', 'Delivered'),
(65, 'C005', 'P065', 3, 15.00, 'Credit Card', '2023-07-04 13:00:00', 'Delivered'),
(66, 'C001', 'P066', 2, 9.00, 'Credit Card', '2023-07-05 10:30:00', 'Delivered'),
(67, 'C002', 'P067', 1, 5.00, 'Cash', '2023-07-06 11:00:00', 'Delivered'),
(68, 'C003', 'P068', 1, 4.00, 'Credit Card', '2023-07-07 09:30:00', 'Pending'),
(69, 'C004', 'P069', 1, 3.50, 'Cash', '2023-07-08 14:00:00', 'Delivered'),
(70, 'C005', 'P070', 3, 10.50, 'Credit Card', '2023-07-09 13:00:00', 'Delivered'),
(71, 'C001', 'P071', 2, 7.00, 'Credit Card', '2023-07-10 10:30:00', 'Delivered'),
(72, 'C002', 'P072', 1, 5.00, 'Cash', '2023-07-11 11:00:00', 'Delivered'),
(73, 'C003', 'P073', 1, 4.00, 'Credit Card', '2023-07-12 09:30:00', 'Pending'),
(74, 'C004', 'P074', 1, 4.00, 'Cash', '2023-07-13 14:00:00', 'Delivered'),
(75, 'C005', 'P075', 3, 12.00, 'Credit Card', '2023-07-14 13:00:00', 'Delivered'),
(76, 'C001', 'P076', 2, 5.00, 'Credit Card', '2023-07-15 10:30:00', 'Delivered'),
(77, 'C002', 'P077', 1, 3.00, 'Cash', '2023-07-16 11:00:00', 'Delivered'),
(78, 'C003', 'P078', 1, 4.00, 'Credit Card', '2023-07-17 09:30:00', 'Pending'),
(79, 'C004', 'P079', 1, 3.00, 'Cash', '2023-07-18 14:00:00', 'Delivered'),
(80, 'C005', 'P080', 3, 6.00, 'Credit Card', '2023-07-19 13:00:00', 'Delivered'),
(81, 'C001', 'P081', 2, 6.00, 'Credit Card', '2023-07-20 10:30:00', 'Delivered'),
(82, 'C002', 'P082', 1, 3.00, 'Cash', '2023-07-21 11:00:00', 'Delivered'),
(83, 'C003', 'P083', 1, 4.00, 'Credit Card', '2023-07-22 09:30:00', 'Pending'),
(84, 'C004', 'P084', 1, 3.00, 'Cash', '2023-07-23 14:00:00', 'Delivered'),
(85, 'C005', 'P085', 3, 7.50, 'Credit Card', '2023-07-24 13:00:00', 'Delivered'),
(86, 'C001', 'P086', 2, 5.00, 'Credit Card', '2023-07-25 10:30:00', 'Delivered'),
(87, 'C002', 'P087', 1, 3.00, 'Cash', '2023-07-26 11:00:00', 'Delivered'),
(88, 'C003', 'P088', 1, 5.00, 'Credit Card', '2023-07-27 09:30:00', 'Pending'),
(89, 'C004', 'P089', 1, 4.00, 'Cash', '2023-07-28 14:00:00', 'Delivered'),
(90, 'C005', 'P090', 3, 9.00, 'Credit Card', '2023-07-29 13:00:00', 'Delivered'),
(91, 'C001', 'P091', 2, 5.00, 'Credit Card', '2023-07-30 10:30:00', 'Delivered'),
(92, 'C002', 'P092', 1, 3.00, 'Cash', '2023-07-31 11:00:00', 'Delivered'),
(93, 'C003', 'P093', 1, 4.00, 'Credit Card', '2023-08-01 09:30:00', 'Pending'),
(94, 'C004', 'P094', 1, 3.50, 'Cash', '2023-08-02 14:00:00', 'Delivered'),
(95, 'C005', 'P095', 3, 10.50, 'Credit Card', '2023-08-03 13:00:00', 'Delivered'),
(96, 'C001', 'P096', 2, 6.00, 'Credit Card', '2023-08-04 10:30:00', 'Delivered'),
(97, 'C002', 'P097', 1, 4.00, 'Cash', '2023-08-05 11:00:00', 'Delivered'),
(98, 'C003', 'P098', 1, 3.00, 'Credit Card', '2023-08-06 09:30:00', 'Pending'),
(99, 'C004', 'P099', 1, 4.00, 'Cash', '2023-08-07 14:00:00', 'Delivered'),
(100, 'C005', 'P100', 3, 9.00, 'Credit Card', '2023-08-08 13:00:00', 'Delivered');


INSERT INTO `employee` (`employee_id`, `name`, `position`, `salary`, `date_hired`) VALUES
('E001', 'John Doe', 'Barista', 2500, '2021-01-15'),
('E002', 'Jane Smith', 'Manager', 3500, '2020-02-20'),
('E003', 'Sam Wilson', 'Cashier', 2200, '2022-03-25'),
('E004', 'Anna Lee', 'Cook', 2700, '2021-04-10'),
('E005', 'Mike Brown', 'Cleaner', 2000, '2020-05-05'),
('E006', 'Emily Johnson', 'Barista', 2600, '2021-06-15'),
('E007', 'David Garcia', 'Manager', 3800, '2020-07-20'),
('E008', 'Sarah Martinez', 'Cashier', 2300, '2022-08-25'),
('E009', 'Michael Davis', 'Cook', 2800, '2021-09-10'),
('E010', 'Jessica Rodriguez', 'Cleaner', 2100, '2020-10-05'),
('E011', 'James Wilson', 'Barista', 2550, '2021-11-15'),
('E012', 'Jennifer Taylor', 'Manager', 3600, '2020-12-20'),
('E013', 'William Anderson', 'Cashier', 2250, '2022-01-25'),
('E014', 'Mary Thomas', 'Cook', 2750, '2021-02-10'),
('E015', 'Christopher Hernandez', 'Cleaner', 2050, '2020-03-05'),
('E016', 'Linda Young', 'Barista', 2650, '2021-04-15'),
('E017', 'Robert King', 'Manager', 3700, '2020-05-20'),
('E018', 'Patricia Scott', 'Cashier', 2350, '2022-06-25'),
('E019', 'John Adams', 'Cook', 2900, '2021-07-10'),
('E020', 'Elizabeth Wright', 'Cleaner', 2150, '2020-08-05'),
('E021', 'Michael Hall', 'Barista', 2700, '2021-09-15'),
('E022', 'Barbara Lopez', 'Manager', 3900, '2020-10-20'),
('E023', 'Daniel Green', 'Cashier', 2400, '2022-11-25'),
('E024', 'Margaret Clark', 'Cook', 3000, '2021-12-10'),
('E025', 'Kevin Baker', 'Cleaner', 2200, '2021-01-05'),
('E026', 'Sarah Hall', 'Barista', 2750, '2021-02-15'),
('E027', 'Joseph Young', 'Manager', 4000, '2020-03-20'),
('E028', 'Ashley Allen', 'Cashier', 2450, '2022-04-25'),
('E029', 'Christopher White', 'Cook', 3100, '2021-05-10'),
('E030', 'Amanda Harris', 'Cleaner', 2300, '2020-06-05'),
('E031', 'Matthew King', 'Barista', 2800, '2021-07-15'),
('E032', 'Laura Baker', 'Manager', 4100, '2020-08-20'),
('E033', 'Jason Wright', 'Cashier', 2500, '2022-09-25'),
('E034', 'Stephanie Gonzalez', 'Cook', 3200, '2021-10-10'),
('E035', 'David Allen', 'Cleaner', 2350, '2020-11-05'),
('E036', 'Emma Lewis', 'Barista', 2850, '2021-12-15'),
('E037', 'Steven Nelson', 'Manager', 4200, '2021-01-20'),
('E038', 'Jennifer Carter', 'Cashier', 2550, '2022-02-25'),
('E039', 'Brian Roberts', 'Cook', 3300, '2021-03-10'),
('E040', 'Megan Perez', 'Cleaner', 2400, '2020-04-05'),
('E041', 'Joshua Turner', 'Barista', 2900, '2021-05-15'),
('E042', 'Kimberly Hill', 'Manager', 4300, '2020-06-20'),
('E043', 'Timothy Scott', 'Cashier', 2600, '2022-07-25'),
('E044', 'Rebecca Ramirez', 'Cook', 3400, '2021-08-10'),
('E045', 'Nathan Flores', 'Cleaner', 2450, '2020-09-05'),
('E046', 'Michelle Russell', 'Barista', 2950, '2021-10-15'),
('E047', 'Larry Long', 'Manager', 4400, '2020-11-20'),
('E048', 'Tiffany Foster', 'Cashier', 2650, '2022-12-25'),
('E049', 'Ryan Diaz', 'Cook', 3500, '2021-01-10'),
('E050', 'Heather Bailey', 'Cleaner', 2500, '2020-02-05'),
('E051', 'Brandon Reed', 'Barista', 3000, '2021-03-15'),
('E052', 'Chelsea Cooper', 'Manager', 4500, '2020-04-20'),
('E053', 'Daniel Ward', 'Cashier', 2700, '2022-05-25'),
('E054', 'Emily Morgan', 'Cook', 3600, '2021-06-10'),
('E055', 'Kevin Cox', 'Cleaner', 2550, '2020-07-05'),
('E056', 'Samantha Richardson', 'Barista', 3050, '2021-08-15'),
('E057', 'Patrick Brooks', 'Manager', 4600, '2020-09-20'),
('E058', 'Rachel Bennett', 'Cashier', 2750, '2022-10-25'),
('E059', 'Justin Gray', 'Cook', 3700, '2021-11-10'),
('E060', 'Olivia Wood', 'Cleaner', 2600, '2020-12-05'),
('E061', 'Austin Ward', 'Barista', 3100, '2022-01-15'),
('E062', 'Hannah Foster', 'Manager', 4700, '2021-02-20'),
('E063', 'Michael Kelly', 'Cashier', 2800, '2022-03-25'),
('E064', 'Alyssa Cox', 'Cook', 3800, '2021-04-10'),
('E065', 'Nicholas Bailey', 'Cleaner', 2650, '2020-05-05'),
('E066', 'Lauren Simmons', 'Barista', 3150, '2021-06-15'),
('E067', 'Ethan Wood', 'Manager', 4800, '2020-07-20'),
('E068', 'Kaitlyn Gonzalez', 'Cashier', 2850, '2022-08-25'),
('E069', 'Jacob Rivera', 'Cook', 3900, '2021-09-10'),
('E070', 'Madison Stewart', 'Cleaner', 2700, '2020-10-05'),
('E071', 'Brandon Reed', 'Barista', 3000, '2021-03-15'),
('E072', 'Chelsea Cooper', 'Manager', 4500, '2020-04-20'),
('E073', 'Daniel Ward', 'Cashier', 2700, '2022-05-25'),
('E074', 'Emily Morgan', 'Cook', 3600, '2021-06-10'),
('E075', 'Kevin Cox', 'Cleaner', 2550, '2020-07-05'),
('E076', 'Samantha Richardson', 'Barista', 3050, '2021-08-15'),
('E077', 'Patrick Brooks', 'Manager', 4600, '2020-09-20'),
('E078', 'Rachel Bennett', 'Cashier', 2750, '2022-10-25'),
('E079', 'Justin Gray', 'Cook', 3700, '2021-11-10'),
('E080', 'Olivia Wood', 'Cleaner', 2600, '2020-12-05'),
('E081', 'Austin Ward', 'Barista', 3100, '2022-01-15'),
('E082', 'Hannah Foster', 'Manager', 4700, '2021-02-20'),
('E083', 'Michael Kelly', 'Cashier', 2800, '2022-03-25'),
('E084', 'Alyssa Cox', 'Cook', 3800, '2021-04-10'),
('E085', 'Nicholas Bailey', 'Cleaner', 2650, '2020-05-05'),
('E086', 'Lauren Simmons', 'Barista', 3150, '2021-06-15'),
('E087', 'Ethan Wood', 'Manager', 4800, '2020-07-20'),
('E088', 'Kaitlyn Gonzalez', 'Cashier', 2850, '2022-08-25'),
('E089', 'Jacob Rivera', 'Cook', 3900, '2021-09-10'),
('E090', 'Madison Stewart', 'Cleaner', 2700, '2020-10-05'),
('E091', 'Nathan Ward', 'Barista', 3200, '2022-11-15'),
('E092', 'Olivia Hernandez', 'Manager', 4900, '2021-12-20'),
('E093', 'Logan Diaz', 'Cashier', 2900, '2023-01-25'),
('E094', 'Hailey Perez', 'Cook', 4000, '2022-02-10'),
('E095', 'Andrew Wright', 'Cleaner', 2750, '2021-03-05'),
('E096', 'Ella Taylor', 'Barista', 3250, '2022-04-15'),
('E097', 'Matthew Martinez', 'Manager', 5000, '2021-05-20'),
('E098', 'Ava Lewis', 'Cashier', 2950, '2023-06-25'),
('E099', 'James Hill', 'Cook', 4100, '2022-07-10'),
('E100', 'Lily Clark', 'Cleaner', 2800, '2021-08-05');

INSERT INTO `supplier` (`supplier_id`, `name`, `contact_person`, `phone_no`, `address`) VALUES
('S001', 'Coffee Beans Ltd.', 'Mark Taylor', '123-456-7890', '101 Coffee Road'),
('S002', 'Tea Leaves Inc.', 'Sarah Green', '234-567-8901', '202 Tea Street'),
('S003', 'Bakery Supplies Co.', 'Tom White', '345-678-9012', '303 Bakery Lane'),
('S004', 'Dairy Products LLC', 'Nancy Black', '456-789-0123', '404 Dairy Drive'),
('S005', 'Organic Produce', 'Jake Blue', '567-890-1234', '505 Organic Way'),
('S006', 'Fresh Fruits Ltd.', 'Emily White', '678-901-2345', '606 Fruit Avenue'),
('S007', 'Meat Masters Inc.', 'Ryan Brown', '789-012-3456', '707 Meat Street'),
('S008', 'Seafood Supplies Co.', 'Jessica Red', '890-123-4567', '808 Seafood Lane'),
('S009', 'Vegetable Farms', 'David Orange', '901-234-5678', '909 Veggie Drive'),
('S010', 'Spice World', 'Emma Yellow', '012-345-6789', '1010 Spice Road'),
('S011', 'Wine Wholesalers', 'Matthew Wine', '123-456-7890', '1111 Vineyard Street'),
('S012', 'Beverage Distributors', 'Olivia Aqua', '234-567-8901', '1212 Drink Lane'),
('S013', 'Snack Suppliers', 'Lucas Crunch', '345-678-9012', '1313 Snack Avenue'),
('S014', 'Frozen Foods Inc.', 'Chloe Frost', '456-789-0123', '1414 Frozen Street'),
('S015', 'Candy Creations', 'Noah Sweet', '567-890-1234', '1515 Candy Lane'),
('S016', 'Condiment Co.', 'Lily Sauce', '678-901-2345', '1616 Condiment Road'),
('S017', 'Pasta Paradise', 'Gabriel Pasta', '789-012-3456', '1717 Pasta Lane'),
('S018', 'Rice Importers', 'Ava Rice', '890-123-4567', '1818 Rice Street'),
('S019', 'Juice Junction', 'Logan Juice', '901-234-5678', '1919 Juice Drive'),
('S020', 'Ice Cream Inc.', 'Sophia Scoop', '012-345-6789', '2020 Ice Cream Road'),
('S021', 'Cake Creators', 'Ethan Baker', '123-456-7890', '2121 Cake Avenue'),
('S022', 'Protein Suppliers', 'Madison Muscle', '234-567-8901', '2222 Protein Lane'),
('S023', 'Vitamin Ventures', 'Jackson Health', '345-678-9012', '2323 Vitamin Street'),
('S024', 'Herb Harvesters', 'Hannah Herb', '456-789-0123', '2424 Herb Road'),
('S025', 'Bread Bakers', 'Michael Dough', '567-890-1234', '2525 Bread Avenue'),
('S026', 'Cheese Company', 'Emma Cheddar', '678-901-2345', '2626 Cheese Street'),
('S027', 'Olive Oil Ltd.', 'Liam Olive', '789-012-3456', '2727 Olive Lane'),
('S028', 'Syrup Suppliers', 'Avery Sweet', '890-123-4567', '2828 Syrup Road'),
('S029', 'Honey Harvesters', 'Grace Honey', '901-234-5678', '2929 Honey Drive'),
('S030', 'Sauce Makers', 'William Sauce', '012-345-6789', '3030 Sauce Avenue'),
('S031', 'Chocolate Company', 'Ella Choco', '123-456-7890', '3131 Chocolate Street'),
('S032', 'Yogurt Yogis', 'Ben Yogurt', '234-567-8901', '3232 Yogurt Lane'),
('S033', 'Fruit Farm', 'Harper Berry', '345-678-9012', '3333 Fruit Road'),
('S034', 'Meat Merchants', 'Jack Butcher', '456-789-0123', '3434 Meat Avenue'),
('S035', 'Seafood Suppliers', 'Addison Sea', '567-890-1234', '3535 Sea Lane'),
('S036', 'Vegetable Vendors', 'Luna Veg', '678-901-2345', '3636 Veggie Street'),
('S037', 'Spice Suppliers', 'Owen Spice', '789-012-3456', '3737 Spice Lane'),
('S038', 'Wine Wholesalers', 'Natalie Vino', '890-123-4567', '3838 Wine Road'),
('S039', 'Beverage Distributors', 'Eli Beverage', '901-234-5678', '3939 Drink Avenue'),
('S040', 'Snack Sellers', 'Elizabeth Snack', '012-345-6789', '4040 Snack Street'),
('S041', 'Frozen Food Suppliers', 'Carter Frost', '123-456-7890', '4141 Frozen Lane'),
('S042', 'Candy Crafters', 'Mia Candy', '234-567-8901', '4242 Candy Road'),
('S043', 'Condiment Company', 'Landon Ketchup', '345-678-9012', '4343 Condiment Lane'),
('S044', 'Pasta Producers', 'Avery Noodle', '456-789-0123', '4444 Pasta Street'),
('S045', 'Rice Importers', 'Skylar Rice', '567-890-1234', '4545 Rice Avenue'),
('S046', 'Juice Suppliers', 'Riley Juice', '678-901-2345', '4646 Juice Lane'),
('S047', 'Ice Cream Makers', 'Brooklyn Cream', '789-012-3456', '4747 Ice Cream Road'),
('S048', 'Cake Suppliers', 'Peyton Cake', '890-123-4567', '4848 Cake Avenue'),
('S049', 'Protein Producers', 'Zoe Protein', '901-234-5678', '4949 Protein Street'),
('S050', 'Vitamin Vendors', 'Austin Vitamin', '012-345-6789', '5050 Vitamin Lane'),
('S051', 'Herb Harvesters', 'Nova Herb', '123-456-7890', '5151 Herb Road'),
('S052', 'Bread Bakers', 'Logan Loaf', '234-567-8901', '5252 Bread Avenue'),
('S053', 'Cheese Creators', 'Brianna Cheese', '345-678-9012', '5353 Cheese Street'),
('S054', 'Olive Oil Suppliers', 'Brayden Oil', '456-789-0123', '5454 Olive Lane'),
('S055', 'Syrup Sellers', 'Kennedy Syrup', '567-890-1234', '5555 Syrup Road'),
('S056', 'Honey Harvesters', 'Gavin Honey', '678-901-2345', '5656 Honey Drive'),
('S057', 'Sauce Suppliers', 'Lydia Sauce', '789-012-3456', '5757 Sauce Avenue'),
('S058', 'Chocolate Chocolatiers', 'Jace Choco', '890-123-4567', '5858 Chocolate Lane'),
('S059', 'Yogurt Yummies', 'Isabella Yogurt', '901-234-5678', '5959 Yogurt Street'),
('S060', 'Fruit Friends', 'Mateo Fruit', '012-345-6789', '6060 Fruit Road'),
('S061', 'Meat Masters', 'Zoey Meat', '123-456-7890', '6161 Meat Avenue'),
('S062', 'Seafood Sellers', 'Julian Sea', '234-567-8901', '6262 Sea Lane'),
('S063', 'Vegetable Vendors', 'Lila Veg', '345-678-9012', '6363 Veggie Street'),
('S064', 'Spice Suppliers', 'Emmett Spice', '456-789-0123', '6464 Spice Lane'),
('S065', 'Wine Wholesalers', 'Layla Vino', '567-890-1234', '6565 Wine Road'),
('S066', 'Beverage Distributors', 'Grayson Beverage', '678-901-2345', '6666 Drink Avenue'),
('S067', 'Snack Sellers', 'Scarlett Snack', '789-012-3456', '6767 Snack Street'),
('S068', 'Frozen Food Suppliers', 'Daniel Frost', '890-123-4567', '6868 Frozen Lane'),
('S069', 'Candy Crafters', 'Aria Candy', '901-234-5678', '6969 Candy Road'),
('S070', 'Condiment Company', 'Charlie Mustard', '012-345-6789', '7070 Condiment Lane'),
('S071', 'Pasta Producers', 'Mila Pasta', '123-456-7890', '7171 Pasta Street'),
('S072', 'Rice Importers', 'Hudson Rice', '234-567-8901', '7272 Rice Avenue'),
('S073', 'Juice Suppliers', 'Sebastian Juice', '345-678-9012', '7373 Juice Lane'),
('S074', 'Ice Cream Makers', 'Zoe Cream', '456-789-0123', '7474 Ice Cream Road'),
('S075', 'Cake Suppliers', 'Axel Cake', '567-890-1234', '7575 Cake Avenue'),
('S076', 'Protein Producers', 'Violet Protein', '678-901-2345', '7676 Protein Street'),
('S077', 'Vitamin Vendors', 'Lucas Vitamin', '789-012-3456', '7777 Vitamin Lane'),
('S078', 'Herb Harvesters', 'Stella Herb', '890-123-4567', '7878 Herb Road'),
('S079', 'Bread Bakers', 'Eli Bread', '901-234-5678', '7979 Bread Avenue'),
('S080', 'Cheese Creators', 'Leah Cheese', '012-345-6789', '8080 Cheese Street'),
('S081', 'Olive Oil Suppliers', 'Colton Oil', '123-456-7890', '8181 Olive Lane'),
('S082', 'Syrup Sellers', 'Bella Syrup', '234-567-8901', '8282 Syrup Road'),
('S083', 'Honey Harvesters', 'Liam Honey', '345-678-9012', '8383 Honey Drive'),
('S084', 'Sauce Suppliers', 'Nora Sauce', '456-789-0123', '8484 Sauce Avenue'),
('S085', 'Chocolate Chocolatiers', 'Archer Choco', '567-890-1234', '8585 Chocolate Lane'),
('S086', 'Yogurt Yummies', 'Maya Yogurt', '678-901-2345', '8686 Yogurt Street'),
('S087', 'Fruit Friends', 'Elijah Fruit', '789-012-3456', '8787 Fruit Road'),
('S088', 'Meat Masters', 'Hazel Meat', '890-123-4567', '8888 Meat Avenue'),
('S089', 'Seafood Sellers', 'Ivy Sea', '901-234-5678', '8989 Sea Lane'),
('S090', 'Vegetable Vendors', 'Roman Veg', '012-345-6789', '9090 Veggie Street'),
('S091', 'Spice Suppliers', 'Piper Spice', '123-456-7890', '9191 Spice Lane'),
('S092', 'Wine Wholesalers', 'Theo Vino', '234-567-8901', '9292 Wine Road'),
('S093', 'Beverage Distributors', 'Savannah Beverage', '345-678-9012', '9393 Drink Avenue'),
('S094', 'Snack Sellers', 'Ezra Snack', '456-789-0123', '9494 Snack Street'),
('S095', 'Frozen Food Suppliers', 'Clara Frost', '567-890-1234', '9595 Frozen Lane'),
('S096', 'Candy Crafters', 'Leo Candy', '678-901-2345', '9696 Candy Road'),
('S097', 'Condiment Company', 'Ellie Mustard', '789-012-3456', '9797 Condiment Lane'),
('S098', 'Pasta Producers', 'Aaron Pasta', '890-123-4567', '9898 Pasta Street'),
('S099', 'Rice Importers', 'Penelope Rice', '901-234-5678', '9999 Rice Avenue'),
('S100', 'Juice Suppliers', 'Eva Juice', '012-345-6789', '10000 Juice Drive');




